[{"model": "contenttypes.contenttype", "pk": 1, "fields": {"app_label": "admin", "model": "logentry"}}, {"model": "contenttypes.contenttype", "pk": 2, "fields": {"app_label": "auth", "model": "permission"}}, {"model": "contenttypes.contenttype", "pk": 3, "fields": {"app_label": "auth", "model": "group"}}, {"model": "contenttypes.contenttype", "pk": 4, "fields": {"app_label": "auth", "model": "user"}}, {"model": "contenttypes.contenttype", "pk": 5, "fields": {"app_label": "contenttypes", "model": "contenttype"}}, {"model": "contenttypes.contenttype", "pk": 6, "fields": {"app_label": "sessions", "model": "session"}}, {"model": "contenttypes.contenttype", "pk": 7, "fields": {"app_label": "realty", "model": "city"}}, {"model": "contenttypes.contenttype", "pk": 8, "fields": {"app_label": "realty", "model": "developer"}}, {"model": "contenttypes.contenttype", "pk": 9, "fields": {"app_label": "realty", "model": "district"}}, {"model": "contenttypes.contenttype", "pk": 10, "fields": {"app_label": "realty", "model": "flattype"}}, {"model": "contenttypes.contenttype", "pk": 11, "fields": {"app_label": "realty", "model": "image"}}, {"model": "contenttypes.contenttype", "pk": 12, "fields": {"app_label": "realty", "model": "realtytype"}}, {"model": "contenttypes.contenttype", "pk": 13, "fields": {"app_label": "realty", "model": "residentialcomplex"}}, {"model": "contenttypes.contenttype", "pk": 14, "fields": {"app_label": "realty", "model": "wallmaterial"}}, {"model": "contenttypes.contenttype", "pk": 15, "fields": {"app_label": "realty", "model": "street"}}, {"model": "contenttypes.contenttype", "pk": 16, "fields": {"app_label": "realty", "model": "house"}}, {"model": "contenttypes.contenttype", "pk": 17, "fields": {"app_label": "realty", "model": "flat"}}, {"model": "contenttypes.contenttype", "pk": 18, "fields": {"app_label": "realty", "model": "album"}}, {"model": "sessions.session", "pk": "vtv33c113cca3u05luabxj31heuq5lv7", "fields": {"session_data": "MmFkZjZmYmUwNTA2YjgzNjNkODI4YTZiMjk5OTMwZDJiYWRkNzgxMzp7Il9hdXRoX3VzZXJfaWQiOiIyIiwiX2F1dGhfdXNlcl9iYWNrZW5kIjoiZGphbmdvLmNvbnRyaWIuYXV0aC5iYWNrZW5kcy5Nb2RlbEJhY2tlbmQiLCJfYXV0aF91c2VyX2hhc2giOiJlOTdmZmY1ZjE4YmFmMDNlYzA1Y2U5NGIzMmI0OTBmZDg2NTViNTU3In0=", "expire_date": "2020-07-23T14:15:28.341Z"}}, {"model": "sessions.session", "pk": "whmr6cvelmbn4aruz8kll90lb6s7kr52", "fields": {"session_data": "ZjhiMmMxYTJhMzhkYjY2Yjc0ZjUwMjZmODQ3YmM3YWU4M2U1NDEzZTp7Il9hdXRoX3VzZXJfaWQiOiIxIiwiX2F1dGhfdXNlcl9iYWNrZW5kIjoiZGphbmdvLmNvbnRyaWIuYXV0aC5iYWNrZW5kcy5Nb2RlbEJhY2tlbmQiLCJfYXV0aF91c2VyX2hhc2giOiJmZjZhN2RmNjY5Yzc1NTVlYThjZjY5YWM5N2QwZmU4OWU2ZDdhOTYwIn0=", "expire_date": "2020-07-21T11:51:25.402Z"}}, {"model": "realty.city", "pk": 1, "fields": {"name": "\u0433. \u041a\u0440\u0430\u0441\u043d\u043e\u044f\u0440\u0441\u043a"}}, {"model": "realty.street", "pk": 1, "fields": {"district": 1, "name": "\u041b\u0435\u0441\u043d\u0438\u043a\u043e\u0432"}}, {"model": "realty.street", "pk": 2, "fields": {"district": 1, "name": "\u0421\u0432\u0435\u0440\u0434\u043b\u043e\u0432\u0441\u043a\u0430\u044f"}}, {"model": "realty.street", "pk": 4, "fields": {"district": 1, "name": "\u0421\u0435\u043c\u0430\u0444\u043e\u0440\u043d\u0430\u044f"}}, {"model": "realty.district", "pk": 1, "fields": {"city": 1, "name": "\u0421\u0432\u0435\u0440\u0434\u043b\u043e\u0432\u0441\u043a\u0438\u0439 \u0440\u0430\u0439\u043e\u043d"}}, {"model": "realty.district", "pk": 2, "fields": {"city": 1, "name": "\u0421\u043e\u043b\u043d\u0435\u0447\u043d\u044b\u0439"}}, {"model": "realty.district", "pk": 3, "fields": {"city": 1, "name": "\u041e\u043a\u0442\u044f\u0431\u0440\u044c\u0441\u043a\u0438\u0439 \u0440\u0430\u0439\u043e\u043d"}}, {"model": "realty.district", "pk": 4, "fields": {"city": 1, "name": "\u041b\u0435\u043d\u0438\u043d\u0441\u043a\u0438\u0439 \u0440\u0430\u0439\u043e\u043d"}}, {"model": "realty.district", "pk": 5, "fields": {"city": 1, "name": "\u041a\u0438\u0440\u043e\u0432\u0441\u043a\u0438\u0439 \u0440\u0430\u0439\u043e\u043d"}}, {"model": "realty.district", "pk": 6, "fields": {"city": 1, "name": "\u0426\u0435\u043d\u0442\u0440\u0430\u043b\u044c\u043d\u044b\u0439 \u0440\u0430\u0439\u043e\u043d"}}, {"model": "realty.district", "pk": 7, "fields": {"city": 1, "name": "\u041c\u044f\u0441\u043e\u043a\u043e\u043c\u0431\u0438\u043d\u0430\u0442"}}, {"model": "realty.district", "pk": 8, "fields": {"city": 1, "name": "\u0421\u043e\u0432\u0435\u0442\u0441\u043a\u0438\u0439 \u0440\u0430\u0439\u043e\u043d"}}, {"model": "realty.flattype", "pk": 1, "fields": {"name": "\u041e\u0434\u043d\u043e\u043a\u043e\u043c\u043d\u0430\u0442\u043d\u0430\u044f \u043a\u0432\u0430\u0440\u0442\u0438\u0440\u0430"}}, {"model": "realty.flattype", "pk": 2, "fields": {"name": "\u0414\u0432\u0443\u0445\u043a\u043e\u043c\u043d\u0430\u0442\u043d\u0430\u044f \u043a\u0432\u0430\u0440\u0442\u0438\u0440\u0430"}}, {"model": "realty.flattype", "pk": 3, "fields": {"name": "\u0422\u0440\u0435\u0445\u043a\u043e\u043c\u043d\u0430\u0442\u043d\u0430\u044f \u043a\u0432\u0430\u0440\u0442\u0438\u0440\u0430"}}, {"model": "realty.flattype", "pk": 4, "fields": {"name": "\u0421\u0442\u0443\u0434\u0438\u044f"}}, {"model": "realty.developer", "pk": 1, "fields": {"name": "\"\u041a\u0440\u0430\u0441\u0441\u0442\u0440\u043e\u0439\""}}, {"model": "realty.developer", "pk": 2, "fields": {"name": "\"\u0421\u041c \u0421\u0418\u0422\u0418\""}}, {"model": "realty.developer", "pk": 3, "fields": {"name": "\u041a\u0423\u041b\u042c\u0422\u0411\u042b\u0422\u0421\u0422\u0420\u041e\u0419"}}, {"model": "realty.developer", "pk": 4, "fields": {"name": "\u0421\u041f\u0415\u0426\u0421\u0422\u0420\u041e\u0419"}}, {"model": "realty.developer", "pk": 5, "fields": {"name": "\u0421\u041a"}}, {"model": "realty.wallmaterial", "pk": 1, "fields": {"name": "\u043c\u043e\u043d\u043e\u043b\u0438\u0442-\u043a\u0438\u0440\u043f\u0438\u0447"}}, {"model": "realty.wallmaterial", "pk": 2, "fields": {"name": "\u043a\u0438\u0440\u043f\u0438\u0447"}}, {"model": "realty.wallmaterial", "pk": 3, "fields": {"name": "\u043f\u0430\u043d\u0435\u043b\u044c"}}, {"model": "realty.wallmaterial", "pk": 4, "fields": {"name": "\u043c\u043e\u043d\u043e\u043b\u0438\u0442"}}, {"model": "realty.realtytype", "pk": 1, "fields": {"name": "\u041d\u043e\u0432\u043e\u0441\u0442\u0440\u043e\u0439\u043a\u0430"}}, {"model": "realty.realtytype", "pk": 2, "fields": {"name": "\u0412\u0442\u043e\u0440\u0438\u0447\u043d\u043e\u0435 \u0436\u0438\u043b\u044c\u0435"}}, {"model": "realty.realtytype", "pk": 3, "fields": {"name": "\u0414\u043e\u043b\u0435\u0432\u043e\u0435 \u0441\u0442\u0440\u043e\u0438\u0442\u0435\u043b\u044c\u0441\u0442\u0432\u043e"}}, {"model": "realty.residentialcomplex", "pk": 1, "fields": {"name": "\"\u0422\u0438\u0445\u0438\u0435 \u0417\u043e\u0440\u0438\""}}, {"model": "realty.residentialcomplex", "pk": 2, "fields": {"name": "\"\u0411\u0435\u043b\u044b\u0435 \u0420\u043e\u0441\u044b\""}}, {"model": "realty.residentialcomplex", "pk": 3, "fields": {"name": "\u041c\u0438\u0447\u0443\u0440\u0438\u043d\u043e"}}, {"model": "realty.residentialcomplex", "pk": 4, "fields": {"name": "\u0420\u041e\u0414\u041d\u0418\u041a\u0418/\u0411\u0443\u0433\u0430\u0447 4.2"}}, {"model": "realty.residentialcomplex", "pk": 5, "fields": {"name": "\"\u0422\u0418\u0425\u0418\u0415 \u0417\u041e\u0420\u0418/\u0415\u041b\u042c \u041f\u0410\u0420\u041a\""}}, {"model": "realty.residentialcomplex", "pk": 6, "fields": {"name": "\u043c\u043a\u0440.\u041f\u0430\u0448\u0435\u043d\u043d\u044b\u0439"}}, {"model": "realty.flat", "pk": 7, "fields": {"subject_of_law": "\u042e\u0440\u0438\u0434\u0438\u0447\u0435\u0441\u043a\u043e\u0435 \u043b\u0438\u0446\u043e", "description": "\u0414\u0432\u0443\u0448\u043a\u0430 \u043a\u0443\u0445\u043d\u044f-\u0441\u0442\u0443\u0434\u0438\u044f \u0441 \u0448\u0438\u043a\u0430\u0440\u043d\u044b\u043c \u0432\u0438\u0434\u043e\u043c \u043d\u0430 \u0415\u043d\u0438\u0441\u0435\u0439. \u041e\u043a\u043d\u0430 \u0432\u044b\u0445\u043e\u0434\u044f\u0442 \u043d\u0430 \u0414\u0438\u0432\u043d\u043e\u0433\u043e\u0440\u0441\u043a. \u0427\u0438\u0441\u0442\u043e\u0432\u0430\u044f \u043e\u0442\u0434\u0435\u043b\u043a\u0430. \u0414\u043e\u043c \u0441\u0434\u0430\u043d. \u0421\u043c\u043e\u0442\u0440\u0435\u0442\u044c \u0432 \u0443\u0434\u043e\u0431\u043d\u043e\u0435 \u0434\u043b\u044f \u0432\u0430\u0441 \u0432\u0440\u0435\u043c\u044f. \u0426\u0435\u043d\u0430 \u0443\u043a\u0430\u0437\u0430\u043d\u0430 \u0437\u0430 \u043d\u0430\u043b\u0438\u0447\u043d\u044b\u0439 \u0440\u0430\u0441\u0447\u0435\u0442. \u0418\u043f\u043e\u0442\u0435\u043a\u0430 \u0432\u043e\u0437\u043c\u043e\u0436\u043d\u0430, \u0432\u0441\u0435 \u0437\u0430\u0432\u0438\u0441\u0438\u0442 \u043e\u0442 \u0443\u0441\u043b\u043e\u0432\u0438\u0439.", "flat": 932, "floor": 22, "flat_type": 2, "house": 2, "cost": 2399000, "square": 31.0, "main_image": "img/IMG_20200601_082219.jpg", "layout": "img/2-dom-2-20-25.jpg"}}, {"model": "realty.flat", "pk": 8, "fields": {"subject_of_law": "\u042e\u0440\u0438\u0434\u0438\u0447\u0435\u0441\u043a\u043e\u0435 \u043b\u0438\u0446\u043e", "description": "\u041f\u043e\u043b\u043d\u043e\u0446\u0435\u043d\u043d\u0430\u044f \u0434\u0432\u0443\u0445\u043a\u043e\u043c\u043d\u0430\u0442\u043d\u0430\u044f \u043a\u0432\u0430\u0440\u0442\u0438\u0440\u0430, \u0446\u0435\u043d\u0430 \u0443\u043a\u0430\u0437\u0430\u043d\u0430 \u0437\u0430 \u043d\u0430\u043b\u0438\u0447\u043d\u044b\u0439 \u0440\u0430\u0441\u0447\u0435\u0442.", "flat": 133, "floor": 13, "flat_type": 2, "house": 3, "cost": 3050000, "square": 61.1, "main_image": "img/2020-07-09_21-52-00_njawks8.png", "layout": "img/2020-07-09_23-10-01.png"}}, {"model": "realty.flat", "pk": 9, "fields": {"subject_of_law": "\u042e\u0440\u0438\u0434\u0438\u0447\u0435\u0441\u043a\u043e\u0435 \u043b\u0438\u0446\u043e", "description": "\u0412\u043e\u0437\u043c\u043e\u0436\u043d\u043e \u0437\u0430\u0432\u044b\u0448\u0435\u043d\u0438\u0435", "flat": null, "floor": 16, "flat_type": 2, "house": 4, "cost": 3100000, "square": 61.1, "main_image": "img/2020-07-09_21-52-00_bu8cY2p.png", "layout": "img/2020-07-09_23-10-01_YXNxZDG.png"}}, {"model": "realty.flat", "pk": 10, "fields": {"subject_of_law": "\u0424\u0438\u0437\u0438\u0447\u0435\u0441\u043a\u043e\u0435 \u043b\u0438\u0446\u043e", "description": "\u041e\u0442\u043b\u0438\u0447\u043d\u0430\u044f \u0442\u0440\u0435\u0445\u043a\u043e\u043c\u043d\u0430\u0442\u043d\u0430\u044f \u043a\u0432\u0430\u0440\u0442\u0438\u0440\u0430, \u0443\u044e\u0442\u043d\u0430\u044f, \u0442\u0435\u043f\u043b\u0430\u044f. \u0418\u0449\u0435\u0442 \u043d\u043e\u0432\u0443\u044e \u0441\u0435\u043c\u044c\u044e! \u0447\u0442\u043e \u0431\u044b \u043f\u043e\u0434\u043e\u0440\u0438\u0442\u044c \u043c\u043d\u043e\u0436\u0435\u0441\u0442\u0432\u043e \u0441\u0447\u0430\u0441\u0442\u043b\u0438\u0432\u044b\u0445 \u043c\u043e\u043c\u0435\u043d\u0442\u043e\u0432) \u041f\u0440\u043e\u0441\u043c\u043e\u0442\u0440 \u0432 \u0443\u0434\u043e\u0431\u043d\u043e\u0435 \u0434\u043b\u044f \u0432\u0430\u0441 \u0432\u0440\u0435\u043c\u044f! \u0420\u0430\u0441\u0441\u043c\u043e\u0442\u0440\u0438\u043c \u0432\u0441\u0435 \u0432\u0438\u0434\u044b \u0440\u0430\u0441\u0447\u0435\u0442\u043e\u0432! \u041d\u043e \u0446\u0435\u043d\u0430 \u0443\u043a\u0430\u0437\u0430\u043d\u043d\u0430 \u0437\u0430 \u043d\u0430\u043b\u0438\u0447\u043d\u044b\u0439 \u0440\u0430\u0441\u0447\u0435\u0442! \u041f\u043e\u0434 \u0438\u043f\u043e\u0442\u0435\u043a\u0443 \u043e\u0431\u0441\u0443\u0436\u0434\u0430\u0435\u043c!))) \u0421\u0430\u043d \u0443\u0437\u0435\u043b \u0440\u0430\u0437\u0434\u0435\u043b\u044c\u043d\u044b\u0439, \u0438\u043c\u0435\u0435\u0442\u0441\u044f \u043a\u043b\u0430\u0434\u043e\u0432\u0430\u044f \u043e\u0440\u0433\u0430\u043d\u0438\u0437\u043e\u0432\u0430\u043d\u043d\u0430 \u043f\u043e\u0434 \u043f\u0440\u0430\u0447\u0435\u0447\u043d\u0443\u044e, \u043f\u043b\u0430\u043d\u0438\u0440\u043e\u0432\u043a\u0430 \u043a\u0432\u0430\u0440\u0442\u0438\u0440\u044b \u043d\u0430 \u0434\u0432\u0435 \u0441\u0442\u043e\u0440\u043e\u043d\u044b). \u041f\u043e\u043b\u044b \u043c\u0435\u043d\u044f\u043b\u0438 \u043f\u043e\u043b\u043d\u043e\u0441\u0442\u044c\u044e! \u041d\u0430\u0442\u044f\u0436\u043d\u044b\u0435 \u043f\u043e\u0442\u043e\u043b\u043a\u0438. \u041f\u0440\u043e\u0434\u0430\u0436\u0430 \u0432\u0441\u0432\u044f\u0437\u0438 \u0441 \u043f\u0435\u0440\u0435\u0435\u0437\u0434\u043e\u043c.", "flat": 85, "floor": 4, "flat_type": 3, "house": 9, "cost": 3500000, "square": 68.0, "main_image": "", "layout": ""}}, {"model": "realty.house", "pk": 1, "fields": {"description": "", "wall_material": 1, "street": 1, "house": "23", "developer": 1, "year_of_completion": 2019, "quarter": "I \u043a\u0432\u0430\u0440\u0442\u0430\u043b", "residential_complex": 1, "max_floor": 25, "main_image": "img/second-realty.c7d4a6a1.png", "realty_type": 1, "latitude": 92.805518, "longitude": 55.982996, "contain_flats": true}}, {"model": "realty.house", "pk": 2, "fields": {"description": "", "wall_material": 1, "street": 1, "house": "25", "developer": 1, "year_of_completion": 2020, "quarter": "I \u043a\u0432\u0430\u0440\u0442\u0430\u043b", "residential_complex": 1, "max_floor": 25, "main_image": "", "realty_type": 1, "latitude": 92.803227, "longitude": 55.982985, "contain_flats": true}}, {"model": "realty.house", "pk": 3, "fields": {"description": "", "wall_material": 3, "street": null, "house": "3.1", "developer": 3, "year_of_completion": 2021, "quarter": "IV \u043a\u0432\u0430\u0440\u0442\u0430\u043b", "residential_complex": 3, "max_floor": 17, "main_image": "img/2020-07-09_21-52-00.png", "realty_type": 3, "latitude": 55.992796, "longitude": 92.988629, "contain_flats": true}}, {"model": "realty.house", "pk": 4, "fields": {"description": "", "wall_material": 3, "street": null, "house": "3.2", "developer": 3, "year_of_completion": 2021, "quarter": "IV \u043a\u0432\u0430\u0440\u0442\u0430\u043b", "residential_complex": 3, "max_floor": 17, "main_image": "img/2020-07-09_21-52-00_qOtlPOM.png", "realty_type": 3, "latitude": 92.988629, "longitude": 55.992796, "contain_flats": true}}, {"model": "realty.house", "pk": 9, "fields": {"description": "", "wall_material": 3, "street": 4, "house": "185", "developer": 5, "year_of_completion": 1960, "quarter": "I \u043a\u0432\u0430\u0440\u0442\u0430\u043b", "residential_complex": 6, "max_floor": 15, "main_image": "", "realty_type": 2, "latitude": 55.982447, "longitude": 92.856902, "contain_flats": true}}, {"model": "auth.permission", "pk": 1, "fields": {"name": "Can add log entry", "content_type": 1, "codename": "add_logentry"}}, {"model": "auth.permission", "pk": 2, "fields": {"name": "Can change log entry", "content_type": 1, "codename": "change_logentry"}}, {"model": "auth.permission", "pk": 3, "fields": {"name": "Can delete log entry", "content_type": 1, "codename": "delete_logentry"}}, {"model": "auth.permission", "pk": 4, "fields": {"name": "Can view log entry", "content_type": 1, "codename": "view_logentry"}}, {"model": "auth.permission", "pk": 5, "fields": {"name": "Can add permission", "content_type": 2, "codename": "add_permission"}}, {"model": "auth.permission", "pk": 6, "fields": {"name": "Can change permission", "content_type": 2, "codename": "change_permission"}}, {"model": "auth.permission", "pk": 7, "fields": {"name": "Can delete permission", "content_type": 2, "codename": "delete_permission"}}, {"model": "auth.permission", "pk": 8, "fields": {"name": "Can view permission", "content_type": 2, "codename": "view_permission"}}, {"model": "auth.permission", "pk": 9, "fields": {"name": "Can add group", "content_type": 3, "codename": "add_group"}}, {"model": "auth.permission", "pk": 10, "fields": {"name": "Can change group", "content_type": 3, "codename": "change_group"}}, {"model": "auth.permission", "pk": 11, "fields": {"name": "Can delete group", "content_type": 3, "codename": "delete_group"}}, {"model": "auth.permission", "pk": 12, "fields": {"name": "Can view group", "content_type": 3, "codename": "view_group"}}, {"model": "auth.permission", "pk": 13, "fields": {"name": "Can add user", "content_type": 4, "codename": "add_user"}}, {"model": "auth.permission", "pk": 14, "fields": {"name": "Can change user", "content_type": 4, "codename": "change_user"}}, {"model": "auth.permission", "pk": 15, "fields": {"name": "Can delete user", "content_type": 4, "codename": "delete_user"}}, {"model": "auth.permission", "pk": 16, "fields": {"name": "Can view user", "content_type": 4, "codename": "view_user"}}, {"model": "auth.permission", "pk": 17, "fields": {"name": "Can add content type", "content_type": 5, "codename": "add_contenttype"}}, {"model": "auth.permission", "pk": 18, "fields": {"name": "Can change content type", "content_type": 5, "codename": "change_contenttype"}}, {"model": "auth.permission", "pk": 19, "fields": {"name": "Can delete content type", "content_type": 5, "codename": "delete_contenttype"}}, {"model": "auth.permission", "pk": 20, "fields": {"name": "Can view content type", "content_type": 5, "codename": "view_contenttype"}}, {"model": "auth.permission", "pk": 21, "fields": {"name": "Can add session", "content_type": 6, "codename": "add_session"}}, {"model": "auth.permission", "pk": 22, "fields": {"name": "Can change session", "content_type": 6, "codename": "change_session"}}, {"model": "auth.permission", "pk": 23, "fields": {"name": "Can delete session", "content_type": 6, "codename": "delete_session"}}, {"model": "auth.permission", "pk": 24, "fields": {"name": "Can view session", "content_type": 6, "codename": "view_session"}}, {"model": "auth.permission", "pk": 25, "fields": {"name": "Can add \u0433\u043e\u0440\u043e\u0434", "content_type": 7, "codename": "add_city"}}, {"model": "auth.permission", "pk": 26, "fields": {"name": "Can change \u0433\u043e\u0440\u043e\u0434", "content_type": 7, "codename": "change_city"}}, {"model": "auth.permission", "pk": 27, "fields": {"name": "Can delete \u0433\u043e\u0440\u043e\u0434", "content_type": 7, "codename": "delete_city"}}, {"model": "auth.permission", "pk": 28, "fields": {"name": "Can view \u0433\u043e\u0440\u043e\u0434", "content_type": 7, "codename": "view_city"}}, {"model": "auth.permission", "pk": 29, "fields": {"name": "Can add \u0437\u0430\u0441\u0442\u0440\u043e\u0439\u0449\u0438\u043a", "content_type": 8, "codename": "add_developer"}}, {"model": "auth.permission", "pk": 30, "fields": {"name": "Can change \u0437\u0430\u0441\u0442\u0440\u043e\u0439\u0449\u0438\u043a", "content_type": 8, "codename": "change_developer"}}, {"model": "auth.permission", "pk": 31, "fields": {"name": "Can delete \u0437\u0430\u0441\u0442\u0440\u043e\u0439\u0449\u0438\u043a", "content_type": 8, "codename": "delete_developer"}}, {"model": "auth.permission", "pk": 32, "fields": {"name": "Can view \u0437\u0430\u0441\u0442\u0440\u043e\u0439\u0449\u0438\u043a", "content_type": 8, "codename": "view_developer"}}, {"model": "auth.permission", "pk": 33, "fields": {"name": "Can add \u0440\u0430\u0439\u043e\u043d", "content_type": 9, "codename": "add_district"}}, {"model": "auth.permission", "pk": 34, "fields": {"name": "Can change \u0440\u0430\u0439\u043e\u043d", "content_type": 9, "codename": "change_district"}}, {"model": "auth.permission", "pk": 35, "fields": {"name": "Can delete \u0440\u0430\u0439\u043e\u043d", "content_type": 9, "codename": "delete_district"}}, {"model": "auth.permission", "pk": 36, "fields": {"name": "Can view \u0440\u0430\u0439\u043e\u043d", "content_type": 9, "codename": "view_district"}}, {"model": "auth.permission", "pk": 37, "fields": {"name": "Can add \u0442\u0438\u043f \u043a\u0432\u0430\u0440\u0442\u0438\u0440\u044b (\u043a\u043e\u043b\u0438\u0447\u0435\u0441\u0442\u0432\u043e \u043a\u043e\u043c\u043d\u0430\u0442)", "content_type": 10, "codename": "add_flattype"}}, {"model": "auth.permission", "pk": 38, "fields": {"name": "Can change \u0442\u0438\u043f \u043a\u0432\u0430\u0440\u0442\u0438\u0440\u044b (\u043a\u043e\u043b\u0438\u0447\u0435\u0441\u0442\u0432\u043e \u043a\u043e\u043c\u043d\u0430\u0442)", "content_type": 10, "codename": "change_flattype"}}, {"model": "auth.permission", "pk": 39, "fields": {"name": "Can delete \u0442\u0438\u043f \u043a\u0432\u0430\u0440\u0442\u0438\u0440\u044b (\u043a\u043e\u043b\u0438\u0447\u0435\u0441\u0442\u0432\u043e \u043a\u043e\u043c\u043d\u0430\u0442)", "content_type": 10, "codename": "delete_flattype"}}, {"model": "auth.permission", "pk": 40, "fields": {"name": "Can view \u0442\u0438\u043f \u043a\u0432\u0430\u0440\u0442\u0438\u0440\u044b (\u043a\u043e\u043b\u0438\u0447\u0435\u0441\u0442\u0432\u043e \u043a\u043e\u043c\u043d\u0430\u0442)", "content_type": 10, "codename": "view_flattype"}}, {"model": "auth.permission", "pk": 41, "fields": {"name": "Can add \u0444\u043e\u0442\u043e\u0433\u0440\u0430\u0444\u0438\u044f", "content_type": 11, "codename": "add_image"}}, {"model": "auth.permission", "pk": 42, "fields": {"name": "Can change \u0444\u043e\u0442\u043e\u0433\u0440\u0430\u0444\u0438\u044f", "content_type": 11, "codename": "change_image"}}, {"model": "auth.permission", "pk": 43, "fields": {"name": "Can delete \u0444\u043e\u0442\u043e\u0433\u0440\u0430\u0444\u0438\u044f", "content_type": 11, "codename": "delete_image"}}, {"model": "auth.permission", "pk": 44, "fields": {"name": "Can view \u0444\u043e\u0442\u043e\u0433\u0440\u0430\u0444\u0438\u044f", "content_type": 11, "codename": "view_image"}}, {"model": "auth.permission", "pk": 45, "fields": {"name": "Can add \u0442\u0438\u043f \u043d\u0435\u0434\u0432\u0438\u0436\u0438\u043c\u043e\u0441\u0442\u0438", "content_type": 12, "codename": "add_realtytype"}}, {"model": "auth.permission", "pk": 46, "fields": {"name": "Can change \u0442\u0438\u043f \u043d\u0435\u0434\u0432\u0438\u0436\u0438\u043c\u043e\u0441\u0442\u0438", "content_type": 12, "codename": "change_realtytype"}}, {"model": "auth.permission", "pk": 47, "fields": {"name": "Can delete \u0442\u0438\u043f \u043d\u0435\u0434\u0432\u0438\u0436\u0438\u043c\u043e\u0441\u0442\u0438", "content_type": 12, "codename": "delete_realtytype"}}, {"model": "auth.permission", "pk": 48, "fields": {"name": "Can view \u0442\u0438\u043f \u043d\u0435\u0434\u0432\u0438\u0436\u0438\u043c\u043e\u0441\u0442\u0438", "content_type": 12, "codename": "view_realtytype"}}, {"model": "auth.permission", "pk": 49, "fields": {"name": "Can add \u0436\u0438\u043b\u043e\u0439 \u043a\u043e\u043c\u043f\u043b\u0435\u043a\u0441", "content_type": 13, "codename": "add_residentialcomplex"}}, {"model": "auth.permission", "pk": 50, "fields": {"name": "Can change \u0436\u0438\u043b\u043e\u0439 \u043a\u043e\u043c\u043f\u043b\u0435\u043a\u0441", "content_type": 13, "codename": "change_residentialcomplex"}}, {"model": "auth.permission", "pk": 51, "fields": {"name": "Can delete \u0436\u0438\u043b\u043e\u0439 \u043a\u043e\u043c\u043f\u043b\u0435\u043a\u0441", "content_type": 13, "codename": "delete_residentialcomplex"}}, {"model": "auth.permission", "pk": 52, "fields": {"name": "Can view \u0436\u0438\u043b\u043e\u0439 \u043a\u043e\u043c\u043f\u043b\u0435\u043a\u0441", "content_type": 13, "codename": "view_residentialcomplex"}}, {"model": "auth.permission", "pk": 53, "fields": {"name": "Can add \u043c\u0430\u0442\u0435\u0440\u0438\u0430\u043b \u0441\u0442\u0435\u043d", "content_type": 14, "codename": "add_wallmaterial"}}, {"model": "auth.permission", "pk": 54, "fields": {"name": "Can change \u043c\u0430\u0442\u0435\u0440\u0438\u0430\u043b \u0441\u0442\u0435\u043d", "content_type": 14, "codename": "change_wallmaterial"}}, {"model": "auth.permission", "pk": 55, "fields": {"name": "Can delete \u043c\u0430\u0442\u0435\u0440\u0438\u0430\u043b \u0441\u0442\u0435\u043d", "content_type": 14, "codename": "delete_wallmaterial"}}, {"model": "auth.permission", "pk": 56, "fields": {"name": "Can view \u043c\u0430\u0442\u0435\u0440\u0438\u0430\u043b \u0441\u0442\u0435\u043d", "content_type": 14, "codename": "view_wallmaterial"}}, {"model": "auth.permission", "pk": 57, "fields": {"name": "Can add \u0443\u043b\u0438\u0446\u0430", "content_type": 15, "codename": "add_street"}}, {"model": "auth.permission", "pk": 58, "fields": {"name": "Can change \u0443\u043b\u0438\u0446\u0430", "content_type": 15, "codename": "change_street"}}, {"model": "auth.permission", "pk": 59, "fields": {"name": "Can delete \u0443\u043b\u0438\u0446\u0430", "content_type": 15, "codename": "delete_street"}}, {"model": "auth.permission", "pk": 60, "fields": {"name": "Can view \u0443\u043b\u0438\u0446\u0430", "content_type": 15, "codename": "view_street"}}, {"model": "auth.permission", "pk": 61, "fields": {"name": "Can add \u0434\u043e\u043c", "content_type": 16, "codename": "add_house"}}, {"model": "auth.permission", "pk": 62, "fields": {"name": "Can change \u0434\u043e\u043c", "content_type": 16, "codename": "change_house"}}, {"model": "auth.permission", "pk": 63, "fields": {"name": "Can delete \u0434\u043e\u043c", "content_type": 16, "codename": "delete_house"}}, {"model": "auth.permission", "pk": 64, "fields": {"name": "Can view \u0434\u043e\u043c", "content_type": 16, "codename": "view_house"}}, {"model": "auth.permission", "pk": 65, "fields": {"name": "Can add \u043a\u0432\u0430\u0440\u0442\u0438\u0440\u0430", "content_type": 17, "codename": "add_flat"}}, {"model": "auth.permission", "pk": 66, "fields": {"name": "Can change \u043a\u0432\u0430\u0440\u0442\u0438\u0440\u0430", "content_type": 17, "codename": "change_flat"}}, {"model": "auth.permission", "pk": 67, "fields": {"name": "Can delete \u043a\u0432\u0430\u0440\u0442\u0438\u0440\u0430", "content_type": 17, "codename": "delete_flat"}}, {"model": "auth.permission", "pk": 68, "fields": {"name": "Can view \u043a\u0432\u0430\u0440\u0442\u0438\u0440\u0430", "content_type": 17, "codename": "view_flat"}}, {"model": "auth.permission", "pk": 69, "fields": {"name": "Can add \u0430\u043b\u044c\u0431\u043e\u043c", "content_type": 18, "codename": "add_album"}}, {"model": "auth.permission", "pk": 70, "fields": {"name": "Can change \u0430\u043b\u044c\u0431\u043e\u043c", "content_type": 18, "codename": "change_album"}}, {"model": "auth.permission", "pk": 71, "fields": {"name": "Can delete \u0430\u043b\u044c\u0431\u043e\u043c", "content_type": 18, "codename": "delete_album"}}, {"model": "auth.permission", "pk": 72, "fields": {"name": "Can view \u0430\u043b\u044c\u0431\u043e\u043c", "content_type": 18, "codename": "view_album"}}, {"model": "auth.user", "pk": 1, "fields": {"password": "pbkdf2_sha256$180000$zlH4115ajZIx$jLHTuM3ODCWoQBXRR24r33iXuGzbfn/W4tq9B2JhqXc=", "last_login": "2020-07-09T14:13:06.970Z", "is_superuser": true, "username": "Lex", "first_name": "", "last_name": "", "email": "", "is_staff": true, "is_active": true, "date_joined": "2020-07-07T11:50:59.376Z", "groups": [], "user_permissions": []}}, {"model": "auth.user", "pk": 2, "fields": {"password": "pbkdf2_sha256$180000$rck3jsZPND5z$KmIftTwd8eUdLFk9Q5hVuHBnBmfUH1bBjRkWbBr+hM0=", "last_login": "2020-07-09T14:15:28.338Z", "is_superuser": false, "username": "Ann", "first_name": "\u0410\u043d\u043d\u0430", "last_name": "\u041a\u0430\u0441\u0430\u0442\u043a\u0438\u043d\u0430", "email": "2095171@mail.ru", "is_staff": true, "is_active": true, "date_joined": "2020-07-09T14:14:08Z", "groups": [], "user_permissions": [1, 2, 3, 4, 9, 10, 11, 12, 5, 6, 7, 8, 13, 14, 15, 16, 17, 18, 19, 20, 69, 70, 71, 72, 25, 26, 27, 28, 29, 30, 31, 32, 33, 34, 35, 36, 65, 66, 67, 68, 37, 38, 39, 40, 61, 62, 63, 64, 41, 42, 43, 44, 45, 46, 47, 48, 49, 50, 51, 52, 57, 58, 59, 60, 53, 54, 55, 56, 21, 22, 23, 24]}}, {"model": "admin.logentry", "pk": 1, "fields": {"action_time": "2020-07-07T11:51:43.806Z", "user": 1, "content_type": 10, "object_id": "1", "object_repr": "\u041e\u0434\u043d\u043e\u043a\u043e\u043c\u043d\u0430\u0442\u043d\u0430\u044f \u043a\u0432\u0430\u0440\u0442\u0438\u0440\u0430", "action_flag": 1, "change_message": "[{\"added\": {}}]"}}, {"model": "admin.logentry", "pk": 2, "fields": {"action_time": "2020-07-07T11:51:54.078Z", "user": 1, "content_type": 14, "object_id": "1", "object_repr": "\u043c\u043e\u043d\u043e\u043b\u0438\u0442-\u043a\u0438\u0440\u043f\u0438\u0447", "action_flag": 1, "change_message": "[{\"added\": {}}]"}}, {"model": "admin.logentry", "pk": 3, "fields": {"action_time": "2020-07-07T11:52:04.787Z", "user": 1, "content_type": 7, "object_id": "1", "object_repr": "\u041a\u0440\u0430\u0441\u043d\u043e\u044f\u0440\u0441\u043a", "action_flag": 1, "change_message": "[{\"added\": {}}]"}}, {"model": "admin.logentry", "pk": 4, "fields": {"action_time": "2020-07-07T11:52:09.285Z", "user": 1, "content_type": 9, "object_id": "1", "object_repr": "\u0421\u0432\u0435\u0440\u0434\u043b\u043e\u0432\u0441\u043a\u0438\u0439 \u0440\u0430\u0439\u043e\u043d", "action_flag": 1, "change_message": "[{\"added\": {}}]"}}, {"model": "admin.logentry", "pk": 5, "fields": {"action_time": "2020-07-07T11:52:13.781Z", "user": 1, "content_type": 15, "object_id": "1", "object_repr": "\u041b\u0435\u0441\u043d\u0438\u043a\u043e\u0432", "action_flag": 1, "change_message": "[{\"added\": {}}]"}}, {"model": "admin.logentry", "pk": 6, "fields": {"action_time": "2020-07-07T11:52:20.543Z", "user": 1, "content_type": 8, "object_id": "1", "object_repr": "\u041a\u0440\u0430\u0441\u0441\u0442\u0440\u043e\u0439", "action_flag": 1, "change_message": "[{\"added\": {}}]"}}, {"model": "admin.logentry", "pk": 7, "fields": {"action_time": "2020-07-07T11:52:34.585Z", "user": 1, "content_type": 13, "object_id": "1", "object_repr": "\u0422\u0438\u0445\u0438\u0435 \u0417\u043e\u0440\u0438", "action_flag": 1, "change_message": "[{\"added\": {}}]"}}, {"model": "admin.logentry", "pk": 8, "fields": {"action_time": "2020-07-07T11:52:51.435Z", "user": 1, "content_type": 12, "object_id": "1", "object_repr": "\u041d\u043e\u0432\u043e\u0441\u0442\u0440\u043e\u0439\u043a\u0430", "action_flag": 1, "change_message": "[{\"added\": {}}]"}}, {"model": "admin.logentry", "pk": 9, "fields": {"action_time": "2020-07-07T11:53:05.404Z", "user": 1, "content_type": 16, "object_id": "1", "object_repr": "\u041a\u0440\u0430\u0441\u0441\u0442\u0440\u043e\u0439, \u0421\u0432\u0435\u0440\u0434\u043b\u043e\u0432\u0441\u043a\u0438\u0439 \u0440\u0430\u0439\u043e\u043d, \u041b\u0435\u0441\u043d\u0438\u043a\u043e\u0432, 23", "action_flag": 1, "change_message": "[{\"added\": {}}]"}}, {"model": "admin.logentry", "pk": 10, "fields": {"action_time": "2020-07-07T11:53:25.026Z", "user": 1, "content_type": 17, "object_id": "1", "object_repr": "\u041a\u0440\u0430\u0441\u0441\u0442\u0440\u043e\u0439 45 \u043a\u0432.\u043c. \u041b\u0435\u0441\u043d\u0438\u043a\u043e\u0432 23, \u043a\u0432.751", "action_flag": 1, "change_message": "[{\"added\": {}}]"}}, {"model": "admin.logentry", "pk": 11, "fields": {"action_time": "2020-07-07T11:53:58.708Z", "user": 1, "content_type": 17, "object_id": "2", "object_repr": "\u041a\u0440\u0430\u0441\u0441\u0442\u0440\u043e\u0439 45 \u043a\u0432.\u043c. \u041b\u0435\u0441\u043d\u0438\u043a\u043e\u0432 23, \u043a\u0432.56", "action_flag": 1, "change_message": "[{\"added\": {}}]"}}, {"model": "admin.logentry", "pk": 12, "fields": {"action_time": "2020-07-07T11:55:03.635Z", "user": 1, "content_type": 10, "object_id": "2", "object_repr": "\u0414\u0432\u0443\u0445\u043a\u043e\u043c\u043d\u0430\u0442\u043d\u0430\u044f \u043a\u0432\u0430\u0440\u0442\u0438\u0440\u0430", "action_flag": 1, "change_message": "[{\"added\": {}}]"}}, {"model": "admin.logentry", "pk": 13, "fields": {"action_time": "2020-07-07T11:55:26.831Z", "user": 1, "content_type": 17, "object_id": "1", "object_repr": "\u041a\u0440\u0430\u0441\u0441\u0442\u0440\u043e\u0439 45 \u043a\u0432.\u043c. \u041b\u0435\u0441\u043d\u0438\u043a\u043e\u0432 23, \u043a\u0432.751", "action_flag": 2, "change_message": "[{\"changed\": {\"fields\": [\"\\u0422\\u0438\\u043f \\u043a\\u0432\\u0430\\u0440\\u0442\\u0438\\u0440\\u044b (\\u043a\\u043e\\u043b\\u0438\\u0447\\u0435\\u0441\\u0442\\u0432\\u043e \\u043a\\u043e\\u043c\\u043d\\u0430\\u0442)\"]}}]"}}, {"model": "admin.logentry", "pk": 14, "fields": {"action_time": "2020-07-07T21:20:48.767Z", "user": 1, "content_type": 16, "object_id": "2", "object_repr": "\u041a\u0440\u0430\u0441\u0441\u0442\u0440\u043e\u0439, \u0421\u0432\u0435\u0440\u0434\u043b\u043e\u0432\u0441\u043a\u0438\u0439 \u0440\u0430\u0439\u043e\u043d, \u041b\u0435\u0441\u043d\u0438\u043a\u043e\u0432, 25", "action_flag": 1, "change_message": "[{\"added\": {}}]"}}, {"model": "admin.logentry", "pk": 15, "fields": {"action_time": "2020-07-07T21:21:20.447Z", "user": 1, "content_type": 17, "object_id": "3", "object_repr": "\u041a\u0440\u0430\u0441\u0441\u0442\u0440\u043e\u0439 11 \u043a\u0432.\u043c. \u041b\u0435\u0441\u043d\u0438\u043a\u043e\u0432 23, \u043a\u0432.4", "action_flag": 1, "change_message": "[{\"added\": {}}]"}}, {"model": "admin.logentry", "pk": 16, "fields": {"action_time": "2020-07-07T21:21:41.542Z", "user": 1, "content_type": 17, "object_id": "4", "object_repr": "\u041a\u0440\u0430\u0441\u0441\u0442\u0440\u043e\u0439 11 \u043a\u0432.\u043c. \u041b\u0435\u0441\u043d\u0438\u043a\u043e\u0432 25, \u043a\u0432.4", "action_flag": 1, "change_message": "[{\"added\": {}}]"}}, {"model": "admin.logentry", "pk": 17, "fields": {"action_time": "2020-07-07T21:22:02.908Z", "user": 1, "content_type": 17, "object_id": "5", "object_repr": "\u041a\u0440\u0430\u0441\u0441\u0442\u0440\u043e\u0439 3 \u043a\u0432.\u043c. \u041b\u0435\u0441\u043d\u0438\u043a\u043e\u0432 25, \u043a\u0432.55", "action_flag": 1, "change_message": "[{\"added\": {}}]"}}, {"model": "admin.logentry", "pk": 18, "fields": {"action_time": "2020-07-09T14:14:08.435Z", "user": 1, "content_type": 4, "object_id": "2", "object_repr": "Ann", "action_flag": 1, "change_message": "[{\"added\": {}}]"}}, {"model": "admin.logentry", "pk": 19, "fields": {"action_time": "2020-07-09T14:14:18.084Z", "user": 1, "content_type": 4, "object_id": "2", "object_repr": "Ann", "action_flag": 2, "change_message": "[{\"changed\": {\"fields\": [\"First name\"]}}]"}}, {"model": "admin.logentry", "pk": 20, "fields": {"action_time": "2020-07-09T14:15:10.183Z", "user": 1, "content_type": 4, "object_id": "2", "object_repr": "Ann", "action_flag": 2, "change_message": "[{\"changed\": {\"fields\": [\"Last name\", \"Email address\", \"Staff status\", \"User permissions\"]}}]"}}, {"model": "admin.logentry", "pk": 21, "fields": {"action_time": "2020-07-09T14:19:00.706Z", "user": 2, "content_type": 7, "object_id": "1", "object_repr": "\u0433. \u041a\u0440\u0430\u0441\u043d\u043e\u044f\u0440\u0441\u043a", "action_flag": 2, "change_message": "[{\"changed\": {\"fields\": [\"\\u041d\\u0430\\u0437\\u0432\\u0430\\u043d\\u0438\\u0435\"]}}]"}}, {"model": "admin.logentry", "pk": 22, "fields": {"action_time": "2020-07-09T14:19:32.705Z", "user": 2, "content_type": 13, "object_id": "2", "object_repr": "\"\u0411\u0435\u043b\u044b\u0435 \u0420\u043e\u0441\u044b\"", "action_flag": 1, "change_message": "[{\"added\": {}}]"}}, {"model": "admin.logentry", "pk": 23, "fields": {"action_time": "2020-07-09T14:19:42.801Z", "user": 2, "content_type": 13, "object_id": "1", "object_repr": "\"\u0422\u0438\u0445\u0438\u0435 \u0417\u043e\u0440\u0438\"", "action_flag": 2, "change_message": "[{\"changed\": {\"fields\": [\"\\u041d\\u0430\\u0437\\u0432\\u0430\\u043d\\u0438\\u0435\"]}}]"}}, {"model": "admin.logentry", "pk": 24, "fields": {"action_time": "2020-07-09T14:19:55.182Z", "user": 2, "content_type": 13, "object_id": "1", "object_repr": "\"\u0422\u0438\u0445\u0438\u0435 \u0417\u043e\u0440\u0438\"", "action_flag": 2, "change_message": "[]"}}, {"model": "admin.logentry", "pk": 25, "fields": {"action_time": "2020-07-09T14:19:58.368Z", "user": 2, "content_type": 13, "object_id": "1", "object_repr": "\"\u0422\u0438\u0445\u0438\u0435 \u0417\u043e\u0440\u0438\"", "action_flag": 2, "change_message": "[]"}}, {"model": "admin.logentry", "pk": 26, "fields": {"action_time": "2020-07-09T14:20:16.493Z", "user": 2, "content_type": 8, "object_id": "1", "object_repr": "\"\u041a\u0440\u0430\u0441\u0441\u0442\u0440\u043e\u0439\"", "action_flag": 2, "change_message": "[{\"changed\": {\"fields\": [\"\\u041d\\u0430\\u0437\\u0432\\u0430\\u043d\\u0438\\u0435\"]}}]"}}, {"model": "admin.logentry", "pk": 27, "fields": {"action_time": "2020-07-09T14:20:34.251Z", "user": 2, "content_type": 8, "object_id": "2", "object_repr": "\"\u0421\u041c \u0421\u0418\u0422\u0418\"", "action_flag": 1, "change_message": "[{\"added\": {}}]"}}, {"model": "admin.logentry", "pk": 28, "fields": {"action_time": "2020-07-09T14:20:54.134Z", "user": 2, "content_type": 14, "object_id": "1", "object_repr": "\u043c\u043e\u043d\u043e\u043b\u0438\u0442-\u043a\u0438\u0440\u043f\u0438\u0447", "action_flag": 2, "change_message": "[]"}}, {"model": "admin.logentry", "pk": 29, "fields": {"action_time": "2020-07-09T14:20:59.632Z", "user": 2, "content_type": 14, "object_id": "2", "object_repr": "\u043a\u0438\u0440\u043f\u0438\u0447", "action_flag": 1, "change_message": "[{\"added\": {}}]"}}, {"model": "admin.logentry", "pk": 30, "fields": {"action_time": "2020-07-09T14:21:07.432Z", "user": 2, "content_type": 14, "object_id": "3", "object_repr": "\u043f\u0430\u043d\u0435\u043b\u044c", "action_flag": 1, "change_message": "[{\"added\": {}}]"}}, {"model": "admin.logentry", "pk": 31, "fields": {"action_time": "2020-07-09T14:21:18.999Z", "user": 2, "content_type": 14, "object_id": "4", "object_repr": "\u043c\u043e\u043d\u043e\u043b\u0438\u0442", "action_flag": 1, "change_message": "[{\"added\": {}}]"}}, {"model": "admin.logentry", "pk": 32, "fields": {"action_time": "2020-07-09T14:21:53.162Z", "user": 2, "content_type": 9, "object_id": "2", "object_repr": "\u0421\u043e\u043b\u043d\u0435\u0447\u043d\u044b\u0439", "action_flag": 1, "change_message": "[{\"added\": {}}]"}}, {"model": "admin.logentry", "pk": 33, "fields": {"action_time": "2020-07-09T14:22:26.492Z", "user": 2, "content_type": 9, "object_id": "3", "object_repr": "\u041e\u043a\u0442\u044f\u0431\u0440\u044c\u0441\u043a\u0438\u0439 \u0440\u0430\u0439\u043e\u043d", "action_flag": 1, "change_message": "[{\"added\": {}}]"}}, {"model": "admin.logentry", "pk": 34, "fields": {"action_time": "2020-07-09T14:22:52.613Z", "user": 2, "content_type": 10, "object_id": "3", "object_repr": "\u0422\u0440\u0435\u0445\u043a\u043e\u043c\u043d\u0430\u0442\u043d\u0430\u044f \u043a\u0432\u0430\u0440\u0442\u0438\u0440\u0430", "action_flag": 1, "change_message": "[{\"added\": {}}]"}}, {"model": "admin.logentry", "pk": 35, "fields": {"action_time": "2020-07-09T14:23:07.977Z", "user": 2, "content_type": 10, "object_id": "4", "object_repr": "\u0421\u0442\u0443\u0434\u0438\u044f", "action_flag": 1, "change_message": "[{\"added\": {}}]"}}, {"model": "admin.logentry", "pk": 36, "fields": {"action_time": "2020-07-09T14:23:24.153Z", "user": 2, "content_type": 12, "object_id": "1", "object_repr": "\u041d\u043e\u0432\u043e\u0441\u0442\u0440\u043e\u0439\u043a\u0430", "action_flag": 2, "change_message": "[]"}}, {"model": "admin.logentry", "pk": 37, "fields": {"action_time": "2020-07-09T14:23:35.310Z", "user": 2, "content_type": 12, "object_id": "2", "object_repr": "\u0412\u0442\u043e\u0440\u0438\u0447\u043d\u043e\u0435 \u0436\u0438\u043b\u044c\u0435", "action_flag": 1, "change_message": "[{\"added\": {}}]"}}, {"model": "admin.logentry", "pk": 38, "fields": {"action_time": "2020-07-09T14:24:02.191Z", "user": 2, "content_type": 12, "object_id": "3", "object_repr": "\u0414\u043e\u043b\u0435\u0432\u043e\u0435 \u0441\u0442\u0440\u043e\u0438\u0442\u0435\u043b\u044c\u0441\u0442\u0432\u043e", "action_flag": 1, "change_message": "[{\"added\": {}}]"}}, {"model": "admin.logentry", "pk": 39, "fields": {"action_time": "2020-07-09T14:24:38.315Z", "user": 2, "content_type": 15, "object_id": "2", "object_repr": "\u0421\u0432\u0435\u0440\u0434\u043b\u043e\u0432\u0441\u043a\u0430\u044f", "action_flag": 1, "change_message": "[{\"added\": {}}]"}}, {"model": "admin.logentry", "pk": 40, "fields": {"action_time": "2020-07-09T14:27:37.858Z", "user": 2, "content_type": 16, "object_id": "2", "object_repr": "\"\u041a\u0440\u0430\u0441\u0441\u0442\u0440\u043e\u0439\", \u0421\u0432\u0435\u0440\u0434\u043b\u043e\u0432\u0441\u043a\u0438\u0439 \u0440\u0430\u0439\u043e\u043d, \u041b\u0435\u0441\u043d\u0438\u043a\u043e\u0432, 25", "action_flag": 2, "change_message": "[{\"changed\": {\"fields\": [\"\\u041e\\u043f\\u0438\\u0441\\u0430\\u043d\\u0438\\u0435\", \"\\u0413\\u043e\\u0434 (\\u0441\\u0434\\u0430\\u0447\\u0430)\", \"\\u041c\\u0430\\u043a\\u0441\\u0438\\u043c\\u0430\\u043b\\u044c\\u043d\\u044b\\u0439 \\u044d\\u0442\\u0430\\u0436\", \"\\u0414\\u043e\\u043b\\u0433\\u043e\\u0442\\u0430\", \"\\u0428\\u0438\\u0440\\u043e\\u0442\\u0430\"]}}]"}}, {"model": "admin.logentry", "pk": 41, "fields": {"action_time": "2020-07-09T14:28:12.053Z", "user": 2, "content_type": 16, "object_id": "1", "object_repr": "\"\u041a\u0440\u0430\u0441\u0441\u0442\u0440\u043e\u0439\", \u0421\u0432\u0435\u0440\u0434\u043b\u043e\u0432\u0441\u043a\u0438\u0439 \u0440\u0430\u0439\u043e\u043d, \u041b\u0435\u0441\u043d\u0438\u043a\u043e\u0432, 23", "action_flag": 2, "change_message": "[{\"changed\": {\"fields\": [\"\\u041e\\u043f\\u0438\\u0441\\u0430\\u043d\\u0438\\u0435\", \"\\u0414\\u043e\\u043b\\u0433\\u043e\\u0442\\u0430\", \"\\u0428\\u0438\\u0440\\u043e\\u0442\\u0430\"]}}]"}}, {"model": "admin.logentry", "pk": 42, "fields": {"action_time": "2020-07-09T14:35:25.810Z", "user": 2, "content_type": 17, "object_id": "7", "object_repr": "\"\u041a\u0440\u0430\u0441\u0441\u0442\u0440\u043e\u0439\" 31 \u043a\u0432.\u043c. \u041b\u0435\u0441\u043d\u0438\u043a\u043e\u0432 25, \u043a\u0432.932", "action_flag": 1, "change_message": "[{\"added\": {}}]"}}, {"model": "admin.logentry", "pk": 43, "fields": {"action_time": "2020-07-09T14:42:51.596Z", "user": 2, "content_type": 9, "object_id": "4", "object_repr": "\u041b\u0435\u043d\u0438\u043d\u0441\u043a\u0438\u0439 \u0440\u0430\u0439\u043e\u043d", "action_flag": 1, "change_message": "[{\"added\": {}}]"}}, {"model": "admin.logentry", "pk": 44, "fields": {"action_time": "2020-07-09T14:43:23.387Z", "user": 2, "content_type": 15, "object_id": "3", "object_repr": "\u0441\u0442\u0440\u043e\u0438\u0442\u0435\u043b\u044c\u043d\u044b\u0439 \u0430\u0434\u0440\u0435\u0441", "action_flag": 1, "change_message": "[{\"added\": {}}]"}}, {"model": "admin.logentry", "pk": 45, "fields": {"action_time": "2020-07-09T14:44:05.125Z", "user": 2, "content_type": 8, "object_id": "3", "object_repr": "\u041a\u0423\u041b\u042c\u0422\u0411\u042b\u0422\u0421\u0422\u0420\u041e\u0419", "action_flag": 1, "change_message": "[{\"added\": {}}]"}}, {"model": "admin.logentry", "pk": 46, "fields": {"action_time": "2020-07-09T14:45:07.523Z", "user": 2, "content_type": 13, "object_id": "3", "object_repr": "\u041c\u0438\u0447\u0443\u0440\u0438\u043d\u043e", "action_flag": 1, "change_message": "[{\"added\": {}}]"}}, {"model": "admin.logentry", "pk": 47, "fields": {"action_time": "2020-07-09T14:48:16.116Z", "user": 2, "content_type": 16, "object_id": "3", "object_repr": "\u041a\u0423\u041b\u042c\u0422\u0411\u042b\u0422\u0421\u0422\u0420\u041e\u0419, \u041b\u0435\u043d\u0438\u043d\u0441\u043a\u0438\u0439 \u0440\u0430\u0439\u043e\u043d, \u0441\u0442\u0440\u043e\u0438\u0442\u0435\u043b\u044c\u043d\u044b\u0439 \u0430\u0434\u0440\u0435\u0441, 3.1", "action_flag": 1, "change_message": "[{\"added\": {}}]"}}, {"model": "admin.logentry", "pk": 48, "fields": {"action_time": "2020-07-09T14:54:55.765Z", "user": 2, "content_type": 16, "object_id": "3", "object_repr": "\u041a\u0423\u041b\u042c\u0422\u0411\u042b\u0422\u0421\u0422\u0420\u041e\u0419, \u041b\u0435\u043d\u0438\u043d\u0441\u043a\u0438\u0439 \u0440\u0430\u0439\u043e\u043d, \u0441\u0442\u0440\u043e\u0438\u0442\u0435\u043b\u044c\u043d\u044b\u0439 \u0430\u0434\u0440\u0435\u0441, 3.1", "action_flag": 2, "change_message": "[{\"changed\": {\"fields\": [\"\\u041f\\u043e\\u0441\\u0442\\u0435\\u0440\"]}}]"}}, {"model": "admin.logentry", "pk": 49, "fields": {"action_time": "2020-07-09T14:55:40.515Z", "user": 2, "content_type": 17, "object_id": "5", "object_repr": "\"\u041a\u0440\u0430\u0441\u0441\u0442\u0440\u043e\u0439\" 3 \u043a\u0432.\u043c. \u041b\u0435\u0441\u043d\u0438\u043a\u043e\u0432 25, \u043a\u0432.55", "action_flag": 3, "change_message": ""}}, {"model": "admin.logentry", "pk": 50, "fields": {"action_time": "2020-07-09T14:55:40.517Z", "user": 2, "content_type": 17, "object_id": "4", "object_repr": "\"\u041a\u0440\u0430\u0441\u0441\u0442\u0440\u043e\u0439\" 11 \u043a\u0432.\u043c. \u041b\u0435\u0441\u043d\u0438\u043a\u043e\u0432 25, \u043a\u0432.4", "action_flag": 3, "change_message": ""}}, {"model": "admin.logentry", "pk": 51, "fields": {"action_time": "2020-07-09T14:55:40.519Z", "user": 2, "content_type": 17, "object_id": "3", "object_repr": "\"\u041a\u0440\u0430\u0441\u0441\u0442\u0440\u043e\u0439\" 11 \u043a\u0432.\u043c. \u041b\u0435\u0441\u043d\u0438\u043a\u043e\u0432 23, \u043a\u0432.4", "action_flag": 3, "change_message": ""}}, {"model": "admin.logentry", "pk": 52, "fields": {"action_time": "2020-07-09T14:55:40.521Z", "user": 2, "content_type": 17, "object_id": "2", "object_repr": "\"\u041a\u0440\u0430\u0441\u0441\u0442\u0440\u043e\u0439\" 45 \u043a\u0432.\u043c. \u041b\u0435\u0441\u043d\u0438\u043a\u043e\u0432 23, \u043a\u0432.56", "action_flag": 3, "change_message": ""}}, {"model": "admin.logentry", "pk": 53, "fields": {"action_time": "2020-07-09T14:55:40.522Z", "user": 2, "content_type": 17, "object_id": "1", "object_repr": "\"\u041a\u0440\u0430\u0441\u0441\u0442\u0440\u043e\u0439\" 45 \u043a\u0432.\u043c. \u041b\u0435\u0441\u043d\u0438\u043a\u043e\u0432 23, \u043a\u0432.751", "action_flag": 3, "change_message": ""}}, {"model": "admin.logentry", "pk": 54, "fields": {"action_time": "2020-07-09T15:11:03.947Z", "user": 2, "content_type": 13, "object_id": "4", "object_repr": "\u0420\u041e\u0414\u041d\u0418\u041a\u0418/\u0411\u0443\u0433\u0430\u0447 4.2", "action_flag": 1, "change_message": "[{\"added\": {}}]"}}, {"model": "admin.logentry", "pk": 55, "fields": {"action_time": "2020-07-09T15:12:24.815Z", "user": 2, "content_type": 9, "object_id": "5", "object_repr": "\u041a\u0438\u0440\u043e\u0432\u0441\u043a\u0438\u0439 \u0440\u0430\u0439\u043e\u043d", "action_flag": 1, "change_message": "[{\"added\": {}}]"}}, {"model": "admin.logentry", "pk": 56, "fields": {"action_time": "2020-07-09T15:12:43.630Z", "user": 2, "content_type": 9, "object_id": "6", "object_repr": "\u0426\u0435\u043d\u0442\u0440\u0430\u043b\u044c\u043d\u044b\u0439 \u0440\u0430\u0439\u043e\u043d", "action_flag": 1, "change_message": "[{\"added\": {}}]"}}, {"model": "admin.logentry", "pk": 57, "fields": {"action_time": "2020-07-09T15:13:00.313Z", "user": 2, "content_type": 9, "object_id": "7", "object_repr": "\u041c\u044f\u0441\u043e\u043a\u043e\u043c\u0431\u0438\u043d\u0430\u0442", "action_flag": 1, "change_message": "[{\"added\": {}}]"}}, {"model": "admin.logentry", "pk": 58, "fields": {"action_time": "2020-07-09T15:13:47.181Z", "user": 2, "content_type": 9, "object_id": "8", "object_repr": "\u0421\u043e\u0432\u0435\u0442\u0441\u043a\u0438\u0439 \u0440\u0430\u0439\u043e\u043d", "action_flag": 1, "change_message": "[{\"added\": {}}]"}}, {"model": "admin.logentry", "pk": 59, "fields": {"action_time": "2020-07-09T15:16:08.500Z", "user": 2, "content_type": 16, "object_id": "3", "object_repr": "\u041a\u0423\u041b\u042c\u0422\u0411\u042b\u0422\u0421\u0422\u0420\u041e\u0419, \u041b\u0435\u043d\u0438\u043d\u0441\u043a\u0438\u0439 \u0440\u0430\u0439\u043e\u043d, \u0441\u0442\u0440\u043e\u0438\u0442\u0435\u043b\u044c\u043d\u044b\u0439 \u0430\u0434\u0440\u0435\u0441, 3.2", "action_flag": 2, "change_message": "[{\"changed\": {\"fields\": [\"\\u0414\\u043e\\u043c\"]}}]"}}, {"model": "admin.logentry", "pk": 60, "fields": {"action_time": "2020-07-09T15:16:41.277Z", "user": 2, "content_type": 16, "object_id": "3", "object_repr": "\u041a\u0423\u041b\u042c\u0422\u0411\u042b\u0422\u0421\u0422\u0420\u041e\u0419, \u041b\u0435\u043d\u0438\u043d\u0441\u043a\u0438\u0439 \u0440\u0430\u0439\u043e\u043d, \u0441\u0442\u0440\u043e\u0438\u0442\u0435\u043b\u044c\u043d\u044b\u0439 \u0430\u0434\u0440\u0435\u0441, 3.1", "action_flag": 2, "change_message": "[{\"changed\": {\"fields\": [\"\\u0414\\u043e\\u043c\"]}}]"}}, {"model": "admin.logentry", "pk": 61, "fields": {"action_time": "2020-07-09T15:18:41.176Z", "user": 2, "content_type": 16, "object_id": "4", "object_repr": "\u041a\u0423\u041b\u042c\u0422\u0411\u042b\u0422\u0421\u0422\u0420\u041e\u0419, \u041b\u0435\u043d\u0438\u043d\u0441\u043a\u0438\u0439 \u0440\u0430\u0439\u043e\u043d, \u0441\u0442\u0440\u043e\u0438\u0442\u0435\u043b\u044c\u043d\u044b\u0439 \u0430\u0434\u0440\u0435\u0441, 3.2", "action_flag": 1, "change_message": "[{\"added\": {}}]"}}, {"model": "admin.logentry", "pk": 62, "fields": {"action_time": "2020-07-09T15:22:37.039Z", "user": 2, "content_type": 16, "object_id": "5", "object_repr": "\"\u041a\u0440\u0430\u0441\u0441\u0442\u0440\u043e\u0439\", \u041b\u0435\u043d\u0438\u043d\u0441\u043a\u0438\u0439 \u0440\u0430\u0439\u043e\u043d, \u0441\u0442\u0440\u043e\u0438\u0442\u0435\u043b\u044c\u043d\u044b\u0439 \u0430\u0434\u0440\u0435\u0441, \u0441\u0442\u0440\u043e\u0435\u043d\u0438\u0435 4", "action_flag": 1, "change_message": "[{\"added\": {}}]"}}, {"model": "admin.logentry", "pk": 63, "fields": {"action_time": "2020-07-09T15:24:00.553Z", "user": 2, "content_type": 8, "object_id": "4", "object_repr": "\u0421\u041f\u0415\u0426\u0421\u0422\u0420\u041e\u0419", "action_flag": 1, "change_message": "[{\"added\": {}}]"}}, {"model": "admin.logentry", "pk": 64, "fields": {"action_time": "2020-07-09T15:25:07.044Z", "user": 2, "content_type": 13, "object_id": "5", "object_repr": "\"\u0422\u0418\u0425\u0418\u0415 \u0417\u041e\u0420\u0418/\u0415\u041b\u042c \u041f\u0410\u0420\u041a\"", "action_flag": 1, "change_message": "[{\"added\": {}}]"}}, {"model": "admin.logentry", "pk": 65, "fields": {"action_time": "2020-07-09T15:30:07.096Z", "user": 2, "content_type": 16, "object_id": "6", "object_repr": "\u0421\u041f\u0415\u0426\u0421\u0422\u0420\u041e\u0419, \u041b\u0435\u043d\u0438\u043d\u0441\u043a\u0438\u0439 \u0440\u0430\u0439\u043e\u043d, \u0441\u0442\u0440\u043e\u0438\u0442\u0435\u043b\u044c\u043d\u044b\u0439 \u0430\u0434\u0440\u0435\u0441, \u0441\u0442\u0440\u043e\u0435\u043d\u0438\u0435 1", "action_flag": 1, "change_message": "[{\"added\": {}}]"}}, {"model": "admin.logentry", "pk": 66, "fields": {"action_time": "2020-07-09T16:11:03.011Z", "user": 2, "content_type": 17, "object_id": "8", "object_repr": "\u041a\u0423\u041b\u042c\u0422\u0411\u042b\u0422\u0421\u0422\u0420\u041e\u0419 61 \u043a\u0432.\u043c. \u0441\u0442\u0440\u043e\u0438\u0442\u0435\u043b\u044c\u043d\u044b\u0439 \u0430\u0434\u0440\u0435\u0441 3.1, \u043a\u0432.133", "action_flag": 1, "change_message": "[{\"added\": {}}]"}}, {"model": "admin.logentry", "pk": 67, "fields": {"action_time": "2020-07-09T16:12:56.066Z", "user": 2, "content_type": 17, "object_id": "9", "object_repr": "\u041a\u0423\u041b\u042c\u0422\u0411\u042b\u0422\u0421\u0422\u0420\u041e\u0419 61 \u043a\u0432.\u043c. \u0441\u0442\u0440\u043e\u0438\u0442\u0435\u043b\u044c\u043d\u044b\u0439 \u0430\u0434\u0440\u0435\u0441 3.2, \u043a\u0432.1", "action_flag": 1, "change_message": "[{\"added\": {}}]"}}, {"model": "admin.logentry", "pk": 68, "fields": {"action_time": "2020-07-09T16:21:36.823Z", "user": 2, "content_type": 15, "object_id": "4", "object_repr": "\u0421\u0435\u043c\u0430\u0444\u043e\u0440\u043d\u0430\u044f", "action_flag": 1, "change_message": "[{\"added\": {}}]"}}, {"model": "admin.logentry", "pk": 69, "fields": {"action_time": "2020-07-09T16:23:12.802Z", "user": 2, "content_type": 8, "object_id": "5", "object_repr": "\u0421\u041a", "action_flag": 1, "change_message": "[{\"added\": {}}]"}}, {"model": "admin.logentry", "pk": 70, "fields": {"action_time": "2020-07-09T16:23:39.195Z", "user": 2, "content_type": 13, "object_id": "6", "object_repr": "\u043c\u043a\u0440.\u041f\u0430\u0448\u0435\u043d\u043d\u044b\u0439", "action_flag": 1, "change_message": "[{\"added\": {}}]"}}, {"model": "admin.logentry", "pk": 71, "fields": {"action_time": "2020-07-09T16:26:17.396Z", "user": 2, "content_type": 16, "object_id": "9", "object_repr": "\u0421\u041a, \u0421\u0432\u0435\u0440\u0434\u043b\u043e\u0432\u0441\u043a\u0438\u0439 \u0440\u0430\u0439\u043e\u043d, \u0421\u0435\u043c\u0430\u0444\u043e\u0440\u043d\u0430\u044f, 185", "action_flag": 1, "change_message": "[{\"added\": {}}]"}}, {"model": "admin.logentry", "pk": 72, "fields": {"action_time": "2020-07-09T16:26:42.121Z", "user": 2, "content_type": 17, "object_id": "10", "object_repr": "\u0421\u041a 68 \u043a\u0432.\u043c. \u0421\u0435\u043c\u0430\u0444\u043e\u0440\u043d\u0430\u044f 185, \u043a\u0432.85", "action_flag": 1, "change_message": "[{\"added\": {}}]"}}, {"model": "admin.logentry", "pk": 73, "fields": {"action_time": "2020-07-09T19:50:42.053Z", "user": 1, "content_type": 17, "object_id": "9", "object_repr": "\u041a\u0423\u041b\u042c\u0422\u0411\u042b\u0422\u0421\u0422\u0420\u041e\u0419 61 \u043a\u0432.\u043c. \u0441\u0442\u0440\u043e\u0438\u0442\u0435\u043b\u044c\u043d\u044b\u0439 \u0430\u0434\u0440\u0435\u0441 3.2, \u043a\u0432.None", "action_flag": 2, "change_message": "[{\"changed\": {\"fields\": [\"\\u041a\\u0432\\u0430\\u0440\\u0442\\u0438\\u0440\\u0430\"]}}]"}}, {"model": "admin.logentry", "pk": 74, "fields": {"action_time": "2020-07-09T19:54:09.920Z", "user": 1, "content_type": 17, "object_id": "9", "object_repr": "\u041a\u0423\u041b\u042c\u0422\u0411\u042b\u0422\u0421\u0422\u0420\u041e\u0419 61 \u043a\u0432.\u043c. \u0441\u0442\u0440\u043e\u0438\u0442\u0435\u043b\u044c\u043d\u044b\u0439 \u0430\u0434\u0440\u0435\u0441 3.2, \u043a\u0432.None", "action_flag": 2, "change_message": "[]"}}, {"model": "admin.logentry", "pk": 75, "fields": {"action_time": "2020-07-09T20:18:28.775Z", "user": 1, "content_type": 16, "object_id": "4", "object_repr": "\u041a\u0423\u041b\u042c\u0422\u0411\u042b\u0422\u0421\u0422\u0420\u041e\u0419, \u041c\u0438\u0447\u0443\u0440\u0438\u043d\u043e, 3.2", "action_flag": 2, "change_message": "[{\"changed\": {\"fields\": [\"\\u0423\\u043b\\u0438\\u0446\\u0430\"]}}]"}}, {"model": "admin.logentry", "pk": 76, "fields": {"action_time": "2020-07-09T20:18:32.760Z", "user": 1, "content_type": 17, "object_id": "9", "object_repr": "\u041a\u0423\u041b\u042c\u0422\u0411\u042b\u0422\u0421\u0422\u0420\u041e\u0419 61 \u043a\u0432.\u043c. \u041c\u0438\u0447\u0443\u0440\u0438\u043d\u043e 3.2", "action_flag": 2, "change_message": "[]"}}, {"model": "admin.logentry", "pk": 77, "fields": {"action_time": "2020-07-09T20:18:53.184Z", "user": 1, "content_type": 16, "object_id": "3", "object_repr": "\u041a\u0423\u041b\u042c\u0422\u0411\u042b\u0422\u0421\u0422\u0420\u041e\u0419, \u041c\u0438\u0447\u0443\u0440\u0438\u043d\u043e, 3.1", "action_flag": 2, "change_message": "[{\"changed\": {\"fields\": [\"\\u0423\\u043b\\u0438\\u0446\\u0430\"]}}]"}}, {"model": "admin.logentry", "pk": 78, "fields": {"action_time": "2020-07-09T20:18:55.590Z", "user": 1, "content_type": 17, "object_id": "8", "object_repr": "\u041a\u0423\u041b\u042c\u0422\u0411\u042b\u0422\u0421\u0422\u0420\u041e\u0419 61 \u043a\u0432.\u043c. \u041c\u0438\u0447\u0443\u0440\u0438\u043d\u043e 3.1, \u043a\u0432.133", "action_flag": 2, "change_message": "[]"}}, {"model": "admin.logentry", "pk": 79, "fields": {"action_time": "2020-07-09T20:19:14.583Z", "user": 1, "content_type": 15, "object_id": "3", "object_repr": "\u0441\u0442\u0440\u043e\u0438\u0442\u0435\u043b\u044c\u043d\u044b\u0439 \u0430\u0434\u0440\u0435\u0441", "action_flag": 3, "change_message": ""}}]